<?xml version="1.0" encoding="UTF-8"?> <description xmlns="http://www.vxdlforum.org/vxdl"
xmlns:xsi="http://www.w3.org/2001/XMLSchema-instance"
 xsi:schemaLocation="http://www.vxdlforum.org/vxdl VXDL.xsd">
<virtualInfrastructure>
<id>2</id><startDate>2013-01-19T12:00:00</startDate><totalTime>PT4H</totalTime><owner>gkoslovski</owner><user>gkoslovski</user>
 <vNode><id>0</id><cpu><cores><simple>7</simple></cores> <frequency><unit>GHz</unit><simple>4</simple></frequency></cpu> <memory><simple>64</simple><unit>GB</unit></memory> <storage><simple>300</simple><unit>GB</unit></storage><location>1</location></vNode>
 <vNode><id>1</id><cpu><cores><simple>9</simple></cores> <frequency><unit>GHz</unit><simple>4</simple></frequency></cpu> <memory><simple>32</simple><unit>GB</unit></memory> <storage><simple>300</simple><unit>GB</unit></storage><location>10</location></vNode>
 <vNode><id>2</id><cpu><cores><simple>10</simple></cores> <frequency><unit>GHz</unit><simple>4</simple></frequency></cpu> <memory><simple>16</simple><unit>GB</unit></memory> <storage><simple>300</simple><unit>GB</unit></storage><location>7</location></vNode>
 <vNode><id>3</id><cpu><cores><simple>10</simple></cores> <frequency><unit>GHz</unit><simple>4</simple></frequency></cpu> <memory><simple>64</simple><unit>GB</unit></memory> <storage><simple>300</simple><unit>GB</unit></storage><location>2</location></vNode>
 <vNode><id>4</id><cpu><cores><simple>6</simple></cores> <frequency><unit>GHz</unit><simple>4</simple></frequency></cpu> <memory><simple>32</simple><unit>GB</unit></memory> <storage><simple>300</simple><unit>GB</unit></storage><location>6</location></vNode>
 <vNode><id>5</id><cpu><cores><simple>5</simple></cores> <frequency><unit>GHz</unit><simple>4</simple></frequency></cpu> <memory><simple>8</simple><unit>GB</unit></memory> <storage><simple>300</simple><unit>GB</unit></storage><location>6</location></vNode>
 <vNode><id>6</id><cpu><cores><simple>4</simple></cores> <frequency><unit>GHz</unit><simple>4</simple></frequency></cpu> <memory><simple>32</simple><unit>GB</unit></memory> <storage><simple>300</simple><unit>GB</unit></storage><location>9</location></vNode>
 <vNode><id>7</id><cpu><cores><simple>9</simple></cores> <frequency><unit>GHz</unit><simple>4</simple></frequency></cpu> <memory><simple>64</simple><unit>GB</unit></memory> <storage><simple>300</simple><unit>GB</unit></storage><location>5</location></vNode>
 <vNode><id>8</id><cpu><cores><simple>7</simple></cores> <frequency><unit>GHz</unit><simple>4</simple></frequency></cpu> <memory><simple>32</simple><unit>GB</unit></memory> <storage><simple>300</simple><unit>GB</unit></storage><location>8</location></vNode>
 <vNode><id>9</id><cpu><cores><simple>10</simple></cores> <frequency><unit>GHz</unit><simple>4</simple></frequency></cpu> <memory><simple>16</simple><unit>GB</unit></memory> <storage><simple>300</simple><unit>GB</unit></storage><location>10</location></vNode>
 <vNode><id>10</id><cpu><cores><simple>6</simple></cores> <frequency><unit>GHz</unit><simple>4</simple></frequency></cpu> <memory><simple>16</simple><unit>GB</unit></memory> <storage><simple>300</simple><unit>GB</unit></storage><location>1</location></vNode>
 <vNode><id>11</id><cpu><cores><simple>8</simple></cores> <frequency><unit>GHz</unit><simple>4</simple></frequency></cpu> <memory><simple>64</simple><unit>GB</unit></memory> <storage><simple>300</simple><unit>GB</unit></storage><location>4</location></vNode>
 <vLink><id>0-1</id><source>0</source><destination>1</destination><bandwidth><forward><unit>Mbps</unit> <simple>5</simple></forward><reverse><unit>Mbps</unit><simple>5</simple></reverse></bandwidth> <latency><unit>ms</unit><simple>10</simple></latency></vLink>
 <vLink><id>0-2</id><source>0</source><destination>2</destination><bandwidth><forward><unit>Mbps</unit> <simple>9</simple></forward><reverse><unit>Mbps</unit><simple>9</simple></reverse></bandwidth> <latency><unit>ms</unit><simple>10</simple></latency></vLink>
 <vLink><id>0-3</id><source>0</source><destination>3</destination><bandwidth><forward><unit>Mbps</unit> <simple>5</simple></forward><reverse><unit>Mbps</unit><simple>5</simple></reverse></bandwidth> <latency><unit>ms</unit><simple>50</simple></latency></vLink>
 <vLink><id>0-4</id><source>0</source><destination>4</destination><bandwidth><forward><unit>Mbps</unit> <simple>6</simple></forward><reverse><unit>Mbps</unit><simple>6</simple></reverse></bandwidth> <latency><unit>ms</unit><simple>10</simple></latency></vLink>
 <vLink><id>0-5</id><source>0</source><destination>5</destination><bandwidth><forward><unit>Mbps</unit> <simple>4</simple></forward><reverse><unit>Mbps</unit><simple>4</simple></reverse></bandwidth> <latency><unit>ms</unit><simple>50</simple></latency></vLink>
 <vLink><id>0-6</id><source>0</source><destination>6</destination><bandwidth><forward><unit>Mbps</unit> <simple>4</simple></forward><reverse><unit>Mbps</unit><simple>4</simple></reverse></bandwidth> <latency><unit>ms</unit><simple>100</simple></latency></vLink>
 <vLink><id>0-7</id><source>0</source><destination>7</destination><bandwidth><forward><unit>Mbps</unit> <simple>10</simple></forward><reverse><unit>Mbps</unit><simple>10</simple></reverse></bandwidth> <latency><unit>ms</unit><simple>50</simple></latency></vLink>
 <vLink><id>0-8</id><source>0</source><destination>8</destination><bandwidth><forward><unit>Mbps</unit> <simple>6</simple></forward><reverse><unit>Mbps</unit><simple>6</simple></reverse></bandwidth> <latency><unit>ms</unit><simple>100</simple></latency></vLink>
 <vLink><id>0-9</id><source>0</source><destination>9</destination><bandwidth><forward><unit>Mbps</unit> <simple>5</simple></forward><reverse><unit>Mbps</unit><simple>5</simple></reverse></bandwidth> <latency><unit>ms</unit><simple>100</simple></latency></vLink>
 <vLink><id>0-10</id><source>0</source><destination>10</destination><bandwidth><forward><unit>Mbps</unit> <simple>6</simple></forward><reverse><unit>Mbps</unit><simple>6</simple></reverse></bandwidth> <latency><unit>ms</unit><simple>100</simple></latency></vLink>
 <vLink><id>0-11</id><source>0</source><destination>11</destination><bandwidth><forward><unit>Mbps</unit> <simple>4</simple></forward><reverse><unit>Mbps</unit><simple>4</simple></reverse></bandwidth> <latency><unit>ms</unit><simple>100</simple></latency></vLink>
 <vLink><id>1-2</id><source>1</source><destination>2</destination><bandwidth><forward><unit>Mbps</unit> <simple>8</simple></forward><reverse><unit>Mbps</unit><simple>8</simple></reverse></bandwidth> <latency><unit>ms</unit><simple>50</simple></latency></vLink>
 <vLink><id>1-3</id><source>1</source><destination>3</destination><bandwidth><forward><unit>Mbps</unit> <simple>5</simple></forward><reverse><unit>Mbps</unit><simple>5</simple></reverse></bandwidth> <latency><unit>ms</unit><simple>10</simple></latency></vLink>
 <vLink><id>1-4</id><source>1</source><destination>4</destination><bandwidth><forward><unit>Mbps</unit> <simple>4</simple></forward><reverse><unit>Mbps</unit><simple>4</simple></reverse></bandwidth> <latency><unit>ms</unit><simple>10</simple></latency></vLink>
 <vLink><id>1-5</id><source>1</source><destination>5</destination><bandwidth><forward><unit>Mbps</unit> <simple>4</simple></forward><reverse><unit>Mbps</unit><simple>4</simple></reverse></bandwidth> <latency><unit>ms</unit><simple>100</simple></latency></vLink>
 <vLink><id>1-6</id><source>1</source><destination>6</destination><bandwidth><forward><unit>Mbps</unit> <simple>4</simple></forward><reverse><unit>Mbps</unit><simple>4</simple></reverse></bandwidth> <latency><unit>ms</unit><simple>100</simple></latency></vLink>
 <vLink><id>1-7</id><source>1</source><destination>7</destination><bandwidth><forward><unit>Mbps</unit> <simple>9</simple></forward><reverse><unit>Mbps</unit><simple>9</simple></reverse></bandwidth> <latency><unit>ms</unit><simple>100</simple></latency></vLink>
 <vLink><id>1-8</id><source>1</source><destination>8</destination><bandwidth><forward><unit>Mbps</unit> <simple>6</simple></forward><reverse><unit>Mbps</unit><simple>6</simple></reverse></bandwidth> <latency><unit>ms</unit><simple>100</simple></latency></vLink>
 <vLink><id>1-9</id><source>1</source><destination>9</destination><bandwidth><forward><unit>Mbps</unit> <simple>5</simple></forward><reverse><unit>Mbps</unit><simple>5</simple></reverse></bandwidth> <latency><unit>ms</unit><simple>100</simple></latency></vLink>
 <vLink><id>1-10</id><source>1</source><destination>10</destination><bandwidth><forward><unit>Mbps</unit> <simple>8</simple></forward><reverse><unit>Mbps</unit><simple>8</simple></reverse></bandwidth> <latency><unit>ms</unit><simple>100</simple></latency></vLink>
 <vLink><id>1-11</id><source>1</source><destination>11</destination><bandwidth><forward><unit>Mbps</unit> <simple>10</simple></forward><reverse><unit>Mbps</unit><simple>10</simple></reverse></bandwidth> <latency><unit>ms</unit><simple>100</simple></latency></vLink>
 <vLink><id>2-3</id><source>2</source><destination>3</destination><bandwidth><forward><unit>Mbps</unit> <simple>10</simple></forward><reverse><unit>Mbps</unit><simple>10</simple></reverse></bandwidth> <latency><unit>ms</unit><simple>100</simple></latency></vLink>
 <vLink><id>2-4</id><source>2</source><destination>4</destination><bandwidth><forward><unit>Mbps</unit> <simple>10</simple></forward><reverse><unit>Mbps</unit><simple>10</simple></reverse></bandwidth> <latency><unit>ms</unit><simple>10</simple></latency></vLink>
 <vLink><id>2-5</id><source>2</source><destination>5</destination><bandwidth><forward><unit>Mbps</unit> <simple>5</simple></forward><reverse><unit>Mbps</unit><simple>5</simple></reverse></bandwidth> <latency><unit>ms</unit><simple>10</simple></latency></vLink>
 <vLink><id>2-6</id><source>2</source><destination>6</destination><bandwidth><forward><unit>Mbps</unit> <simple>4</simple></forward><reverse><unit>Mbps</unit><simple>4</simple></reverse></bandwidth> <latency><unit>ms</unit><simple>50</simple></latency></vLink>
 <vLink><id>2-7</id><source>2</source><destination>7</destination><bandwidth><forward><unit>Mbps</unit> <simple>8</simple></forward><reverse><unit>Mbps</unit><simple>8</simple></reverse></bandwidth> <latency><unit>ms</unit><simple>100</simple></latency></vLink>
 <vLink><id>2-8</id><source>2</source><destination>8</destination><bandwidth><forward><unit>Mbps</unit> <simple>9</simple></forward><reverse><unit>Mbps</unit><simple>9</simple></reverse></bandwidth> <latency><unit>ms</unit><simple>100</simple></latency></vLink>
 <vLink><id>2-9</id><source>2</source><destination>9</destination><bandwidth><forward><unit>Mbps</unit> <simple>7</simple></forward><reverse><unit>Mbps</unit><simple>7</simple></reverse></bandwidth> <latency><unit>ms</unit><simple>100</simple></latency></vLink>
 <vLink><id>2-10</id><source>2</source><destination>10</destination><bandwidth><forward><unit>Mbps</unit> <simple>8</simple></forward><reverse><unit>Mbps</unit><simple>8</simple></reverse></bandwidth> <latency><unit>ms</unit><simple>50</simple></latency></vLink>
 <vLink><id>2-11</id><source>2</source><destination>11</destination><bandwidth><forward><unit>Mbps</unit> <simple>7</simple></forward><reverse><unit>Mbps</unit><simple>7</simple></reverse></bandwidth> <latency><unit>ms</unit><simple>10</simple></latency></vLink>
 <vLink><id>3-4</id><source>3</source><destination>4</destination><bandwidth><forward><unit>Mbps</unit> <simple>5</simple></forward><reverse><unit>Mbps</unit><simple>5</simple></reverse></bandwidth> <latency><unit>ms</unit><simple>10</simple></latency></vLink>
 <vLink><id>3-5</id><source>3</source><destination>5</destination><bandwidth><forward><unit>Mbps</unit> <simple>4</simple></forward><reverse><unit>Mbps</unit><simple>4</simple></reverse></bandwidth> <latency><unit>ms</unit><simple>100</simple></latency></vLink>
 <vLink><id>3-6</id><source>3</source><destination>6</destination><bandwidth><forward><unit>Mbps</unit> <simple>7</simple></forward><reverse><unit>Mbps</unit><simple>7</simple></reverse></bandwidth> <latency><unit>ms</unit><simple>100</simple></latency></vLink>
 <vLink><id>3-7</id><source>3</source><destination>7</destination><bandwidth><forward><unit>Mbps</unit> <simple>7</simple></forward><reverse><unit>Mbps</unit><simple>7</simple></reverse></bandwidth> <latency><unit>ms</unit><simple>50</simple></latency></vLink>
 <vLink><id>3-8</id><source>3</source><destination>8</destination><bandwidth><forward><unit>Mbps</unit> <simple>6</simple></forward><reverse><unit>Mbps</unit><simple>6</simple></reverse></bandwidth> <latency><unit>ms</unit><simple>50</simple></latency></vLink>
 <vLink><id>3-9</id><source>3</source><destination>9</destination><bandwidth><forward><unit>Mbps</unit> <simple>10</simple></forward><reverse><unit>Mbps</unit><simple>10</simple></reverse></bandwidth> <latency><unit>ms</unit><simple>100</simple></latency></vLink>
 <vLink><id>3-10</id><source>3</source><destination>10</destination><bandwidth><forward><unit>Mbps</unit> <simple>7</simple></forward><reverse><unit>Mbps</unit><simple>7</simple></reverse></bandwidth> <latency><unit>ms</unit><simple>100</simple></latency></vLink>
 <vLink><id>3-11</id><source>3</source><destination>11</destination><bandwidth><forward><unit>Mbps</unit> <simple>8</simple></forward><reverse><unit>Mbps</unit><simple>8</simple></reverse></bandwidth> <latency><unit>ms</unit><simple>100</simple></latency></vLink>
 <vLink><id>4-5</id><source>4</source><destination>5</destination><bandwidth><forward><unit>Mbps</unit> <simple>9</simple></forward><reverse><unit>Mbps</unit><simple>9</simple></reverse></bandwidth> <latency><unit>ms</unit><simple>10</simple></latency></vLink>
 <vLink><id>4-6</id><source>4</source><destination>6</destination><bandwidth><forward><unit>Mbps</unit> <simple>6</simple></forward><reverse><unit>Mbps</unit><simple>6</simple></reverse></bandwidth> <latency><unit>ms</unit><simple>50</simple></latency></vLink>
 <vLink><id>4-7</id><source>4</source><destination>7</destination><bandwidth><forward><unit>Mbps</unit> <simple>9</simple></forward><reverse><unit>Mbps</unit><simple>9</simple></reverse></bandwidth> <latency><unit>ms</unit><simple>100</simple></latency></vLink>
 <vLink><id>4-8</id><source>4</source><destination>8</destination><bandwidth><forward><unit>Mbps</unit> <simple>10</simple></forward><reverse><unit>Mbps</unit><simple>10</simple></reverse></bandwidth> <latency><unit>ms</unit><simple>10</simple></latency></vLink>
 <vLink><id>4-9</id><source>4</source><destination>9</destination><bandwidth><forward><unit>Mbps</unit> <simple>6</simple></forward><reverse><unit>Mbps</unit><simple>6</simple></reverse></bandwidth> <latency><unit>ms</unit><simple>100</simple></latency></vLink>
 <vLink><id>4-10</id><source>4</source><destination>10</destination><bandwidth><forward><unit>Mbps</unit> <simple>10</simple></forward><reverse><unit>Mbps</unit><simple>10</simple></reverse></bandwidth> <latency><unit>ms</unit><simple>10</simple></latency></vLink>
 <vLink><id>4-11</id><source>4</source><destination>11</destination><bandwidth><forward><unit>Mbps</unit> <simple>4</simple></forward><reverse><unit>Mbps</unit><simple>4</simple></reverse></bandwidth> <latency><unit>ms</unit><simple>50</simple></latency></vLink>
 <vLink><id>5-6</id><source>5</source><destination>6</destination><bandwidth><forward><unit>Mbps</unit> <simple>9</simple></forward><reverse><unit>Mbps</unit><simple>9</simple></reverse></bandwidth> <latency><unit>ms</unit><simple>100</simple></latency></vLink>
 <vLink><id>5-7</id><source>5</source><destination>7</destination><bandwidth><forward><unit>Mbps</unit> <simple>5</simple></forward><reverse><unit>Mbps</unit><simple>5</simple></reverse></bandwidth> <latency><unit>ms</unit><simple>10</simple></latency></vLink>
 <vLink><id>5-8</id><source>5</source><destination>8</destination><bandwidth><forward><unit>Mbps</unit> <simple>8</simple></forward><reverse><unit>Mbps</unit><simple>8</simple></reverse></bandwidth> <latency><unit>ms</unit><simple>100</simple></latency></vLink>
 <vLink><id>5-9</id><source>5</source><destination>9</destination><bandwidth><forward><unit>Mbps</unit> <simple>10</simple></forward><reverse><unit>Mbps</unit><simple>10</simple></reverse></bandwidth> <latency><unit>ms</unit><simple>10</simple></latency></vLink>
 <vLink><id>5-10</id><source>5</source><destination>10</destination><bandwidth><forward><unit>Mbps</unit> <simple>10</simple></forward><reverse><unit>Mbps</unit><simple>10</simple></reverse></bandwidth> <latency><unit>ms</unit><simple>50</simple></latency></vLink>
 <vLink><id>5-11</id><source>5</source><destination>11</destination><bandwidth><forward><unit>Mbps</unit> <simple>10</simple></forward><reverse><unit>Mbps</unit><simple>10</simple></reverse></bandwidth> <latency><unit>ms</unit><simple>100</simple></latency></vLink>
 <vLink><id>6-7</id><source>6</source><destination>7</destination><bandwidth><forward><unit>Mbps</unit> <simple>8</simple></forward><reverse><unit>Mbps</unit><simple>8</simple></reverse></bandwidth> <latency><unit>ms</unit><simple>50</simple></latency></vLink>
 <vLink><id>6-8</id><source>6</source><destination>8</destination><bandwidth><forward><unit>Mbps</unit> <simple>5</simple></forward><reverse><unit>Mbps</unit><simple>5</simple></reverse></bandwidth> <latency><unit>ms</unit><simple>10</simple></latency></vLink>
 <vLink><id>6-9</id><source>6</source><destination>9</destination><bandwidth><forward><unit>Mbps</unit> <simple>6</simple></forward><reverse><unit>Mbps</unit><simple>6</simple></reverse></bandwidth> <latency><unit>ms</unit><simple>10</simple></latency></vLink>
 <vLink><id>6-10</id><source>6</source><destination>10</destination><bandwidth><forward><unit>Mbps</unit> <simple>7</simple></forward><reverse><unit>Mbps</unit><simple>7</simple></reverse></bandwidth> <latency><unit>ms</unit><simple>100</simple></latency></vLink>
 <vLink><id>6-11</id><source>6</source><destination>11</destination><bandwidth><forward><unit>Mbps</unit> <simple>5</simple></forward><reverse><unit>Mbps</unit><simple>5</simple></reverse></bandwidth> <latency><unit>ms</unit><simple>50</simple></latency></vLink>
 <vLink><id>7-8</id><source>7</source><destination>8</destination><bandwidth><forward><unit>Mbps</unit> <simple>7</simple></forward><reverse><unit>Mbps</unit><simple>7</simple></reverse></bandwidth> <latency><unit>ms</unit><simple>100</simple></latency></vLink>
 <vLink><id>7-9</id><source>7</source><destination>9</destination><bandwidth><forward><unit>Mbps</unit> <simple>6</simple></forward><reverse><unit>Mbps</unit><simple>6</simple></reverse></bandwidth> <latency><unit>ms</unit><simple>10</simple></latency></vLink>
 <vLink><id>7-10</id><source>7</source><destination>10</destination><bandwidth><forward><unit>Mbps</unit> <simple>4</simple></forward><reverse><unit>Mbps</unit><simple>4</simple></reverse></bandwidth> <latency><unit>ms</unit><simple>100</simple></latency></vLink>
 <vLink><id>7-11</id><source>7</source><destination>11</destination><bandwidth><forward><unit>Mbps</unit> <simple>6</simple></forward><reverse><unit>Mbps</unit><simple>6</simple></reverse></bandwidth> <latency><unit>ms</unit><simple>100</simple></latency></vLink>
 <vLink><id>8-9</id><source>8</source><destination>9</destination><bandwidth><forward><unit>Mbps</unit> <simple>10</simple></forward><reverse><unit>Mbps</unit><simple>10</simple></reverse></bandwidth> <latency><unit>ms</unit><simple>50</simple></latency></vLink>
 <vLink><id>8-10</id><source>8</source><destination>10</destination><bandwidth><forward><unit>Mbps</unit> <simple>9</simple></forward><reverse><unit>Mbps</unit><simple>9</simple></reverse></bandwidth> <latency><unit>ms</unit><simple>10</simple></latency></vLink>
 <vLink><id>8-11</id><source>8</source><destination>11</destination><bandwidth><forward><unit>Mbps</unit> <simple>4</simple></forward><reverse><unit>Mbps</unit><simple>4</simple></reverse></bandwidth> <latency><unit>ms</unit><simple>50</simple></latency></vLink>
 <vLink><id>9-10</id><source>9</source><destination>10</destination><bandwidth><forward><unit>Mbps</unit> <simple>9</simple></forward><reverse><unit>Mbps</unit><simple>9</simple></reverse></bandwidth> <latency><unit>ms</unit><simple>10</simple></latency></vLink>
 <vLink><id>9-11</id><source>9</source><destination>11</destination><bandwidth><forward><unit>Mbps</unit> <simple>9</simple></forward><reverse><unit>Mbps</unit><simple>9</simple></reverse></bandwidth> <latency><unit>ms</unit><simple>100</simple></latency></vLink>
 <vLink><id>10-11</id><source>10</source><destination>11</destination><bandwidth><forward><unit>Mbps</unit> <simple>8</simple></forward><reverse><unit>Mbps</unit><simple>8</simple></reverse></bandwidth> <latency><unit>ms</unit><simple>100</simple></latency></vLink>
</virtualInfrastructure></description>
