<?xml version="1.0" encoding="UTF-8"?> <description xmlns="http://www.vxdlforum.org/vxdl"
xmlns:xsi="http://www.w3.org/2001/XMLSchema-instance"
 xsi:schemaLocation="http://www.vxdlforum.org/vxdl VXDL.xsd">
<virtualInfrastructure>
<id>3</id><startDate>2013-01-19T12:00:00</startDate><totalTime>PT4H</totalTime><owner>gkoslovski</owner><user>gkoslovski</user>
 <vNode><id>0</id><cpu><cores><simple>5</simple></cores> <frequency><unit>GHz</unit><simple>4</simple></frequency></cpu> <memory><simple>32</simple><unit>GB</unit></memory> <storage><simple>300</simple><unit>GB</unit></storage><location>3</location></vNode>
 <vNode><id>1</id><cpu><cores><simple>8</simple></cores> <frequency><unit>GHz</unit><simple>4</simple></frequency></cpu> <memory><simple>16</simple><unit>GB</unit></memory> <storage><simple>300</simple><unit>GB</unit></storage><location>3</location></vNode>
 <vNode><id>2</id><cpu><cores><simple>5</simple></cores> <frequency><unit>GHz</unit><simple>4</simple></frequency></cpu> <memory><simple>32</simple><unit>GB</unit></memory> <storage><simple>300</simple><unit>GB</unit></storage><location>4</location></vNode>
 <vNode><id>3</id><cpu><cores><simple>6</simple></cores> <frequency><unit>GHz</unit><simple>4</simple></frequency></cpu> <memory><simple>16</simple><unit>GB</unit></memory> <storage><simple>300</simple><unit>GB</unit></storage><location>10</location></vNode>
 <vNode><id>4</id><cpu><cores><simple>5</simple></cores> <frequency><unit>GHz</unit><simple>4</simple></frequency></cpu> <memory><simple>64</simple><unit>GB</unit></memory> <storage><simple>300</simple><unit>GB</unit></storage><location>1</location></vNode>
 <vNode><id>5</id><cpu><cores><simple>6</simple></cores> <frequency><unit>GHz</unit><simple>4</simple></frequency></cpu> <memory><simple>32</simple><unit>GB</unit></memory> <storage><simple>300</simple><unit>GB</unit></storage><location>10</location></vNode>
 <vLink><id>0-3</id><source>0</source><destination>3</destination><bandwidth><forward><unit>Mbps</unit> <simple>7</simple></forward><reverse><unit>Mbps</unit><simple>7</simple></reverse></bandwidth> <latency><unit>ms</unit><simple>50</simple></latency></vLink>
 <vLink><id>0-4</id><source>0</source><destination>4</destination><bandwidth><forward><unit>Mbps</unit> <simple>7</simple></forward><reverse><unit>Mbps</unit><simple>7</simple></reverse></bandwidth> <latency><unit>ms</unit><simple>10</simple></latency></vLink>
 <vLink><id>1-3</id><source>1</source><destination>3</destination><bandwidth><forward><unit>Mbps</unit> <simple>4</simple></forward><reverse><unit>Mbps</unit><simple>4</simple></reverse></bandwidth> <latency><unit>ms</unit><simple>100</simple></latency></vLink>
 <vLink><id>1-5</id><source>1</source><destination>5</destination><bandwidth><forward><unit>Mbps</unit> <simple>4</simple></forward><reverse><unit>Mbps</unit><simple>4</simple></reverse></bandwidth> <latency><unit>ms</unit><simple>50</simple></latency></vLink>
 <vLink><id>2-4</id><source>2</source><destination>4</destination><bandwidth><forward><unit>Mbps</unit> <simple>7</simple></forward><reverse><unit>Mbps</unit><simple>7</simple></reverse></bandwidth> <latency><unit>ms</unit><simple>50</simple></latency></vLink>
 <vLink><id>2-5</id><source>2</source><destination>5</destination><bandwidth><forward><unit>Mbps</unit> <simple>7</simple></forward><reverse><unit>Mbps</unit><simple>7</simple></reverse></bandwidth> <latency><unit>ms</unit><simple>100</simple></latency></vLink>
 <vLink><id>3-4</id><source>3</source><destination>4</destination><bandwidth><forward><unit>Mbps</unit> <simple>6</simple></forward><reverse><unit>Mbps</unit><simple>6</simple></reverse></bandwidth> <latency><unit>ms</unit><simple>50</simple></latency></vLink>
 <vLink><id>3-5</id><source>3</source><destination>5</destination><bandwidth><forward><unit>Mbps</unit> <simple>4</simple></forward><reverse><unit>Mbps</unit><simple>4</simple></reverse></bandwidth> <latency><unit>ms</unit><simple>50</simple></latency></vLink>
</virtualInfrastructure></description>
