<?xml version="1.0" encoding="UTF-8"?>
<description xmlns="http://www.vxdlforum.org/vxdl"
	xmlns:xsi="http://www.w3.org/2001/XMLSchema-instance"
	xsi:schemaLocation="http://www.vxdlforum.org/vxdl VXDL.xsd">
	<virtualInfrastructure>
		<id>PG1</id>
		<startDate>2013-01-19T08:00:00</startDate>
		<totalTime>PT10H</totalTime>
		<owner>0C7F0E6F-5599-4DF4-B1FC-AE48E61FDD67</owner>
		<user>gkoslovski</user>
		<vNode>
			<id>PN1</id>
			<memory>
				<unit>GB</unit>
				<simple>16</simple>
			</memory>
			<storage>
				<unit>GB</unit>
				<simple>80</simple>
			</storage>
			<cpu>
				<cores>
					<simple>16</simple>
				</cores>
				<frequency>
					<unit>GHz</unit>
					<simple>8.0</simple>
				</frequency>
			</cpu>
			<location>6</location>
		</vNode>
		<vNode>
			<id>PN2</id>
			<memory>
				<unit>GB</unit>
				<simple>16</simple>
			</memory>
			<cpu>
				<cores>
					<simple>16</simple>
				</cores>
				<frequency>
					<unit>GHz</unit>
					<simple>8.0</simple>
				</frequency>
			</cpu>
			<storage>
				<unit>GB</unit>
				<simple>80</simple>
			</storage>
			<location>5</location>
		</vNode>
		<vNode>
			<id>PN3</id>
			<memory>
				<unit>GB</unit>
				<simple>16</simple>
			</memory>
			<cpu>
				<cores>
					<simple>16</simple>
				</cores>
				<frequency>
					<unit>GHz</unit>
					<simple>8</simple>
				</frequency>
			</cpu>
			<storage>
				<unit>GB</unit>
				<simple>80</simple>
			</storage>
			<location>5</location>
		</vNode>
		<vNode>
                        <id>PN4</id>
                        <memory>
                                <unit>GB</unit>
                                <simple>16</simple>
                        </memory>
                        <cpu>
                                <cores>
                                        <simple>16</simple>
                                </cores>
                                <frequency>
                                        <unit>GHz</unit>
                                        <simple>8</simple>
                                </frequency>
                        </cpu>
                        <storage>
                                <unit>GB</unit>
                                <simple>80</simple>
                        </storage>
                        <location>5</location>
                </vNode>
		<vLink>
			<id>PL1</id>
			<source>PN1</source>
			<destination>PN2</destination>
			<bandwidth>
				<forward>
					<unit>Mbps</unit>
					<simple>100</simple>
				</forward>
				<reverse>
					<unit>Mbps</unit>
					<simple>100</simple>
				</reverse>
			</bandwidth>
			<latency>
				<unit>ms</unit>
				<simple>10</simple>
			</latency>
		</vLink>
		<vLink>
			<id>PL2</id>
			<source>PN2</source>
			<destination>PN3</destination>
			<bandwidth>
				<forward>
					<unit>Mbps</unit>
					<simple>100</simple>
				</forward>
				<reverse>
					<unit>Mbps</unit>
					<simple>100</simple>
				</reverse>
			</bandwidth>
			<latency>
				<unit>ms</unit>
				<simple>10.0</simple>
			</latency>
		</vLink>
		<vLink>
                        <id>PL3</id>
                        <source>PN1</source>
                        <destination>PN3</destination>
                        <bandwidth>
                                <forward>
                                        <unit>Mbps</unit>
                                        <simple>100</simple>
                                </forward>
                                <reverse>
                                        <unit>Mbps</unit>
                                        <simple>100</simple>
                                </reverse>
                        </bandwidth>
                        <latency>
                                <unit>ms</unit>
                                <simple>10.0</simple>
                        </latency>
                </vLink>
		<vLink>
                        <id>PL4</id>
                        <source>PN1</source>
                        <destination>PN4</destination>
                        <bandwidth>
                                <forward>
                                        <unit>Mbps</unit>
                                        <simple>100</simple>
                                </forward>
                                <reverse>
                                        <unit>Mbps</unit>
                                        <simple>100</simple>
                                </reverse>
                        </bandwidth>
                        <latency>
                                <unit>ms</unit>
                                <simple>10.0</simple>
                        </latency>
                </vLink>
		<vLink>
                        <id>PL5</id>
                        <source>PN2</source>
                        <destination>PN4</destination>
                        <bandwidth>
                                <forward>
                                        <unit>Mbps</unit>
                                        <simple>100</simple>
                                </forward>
                                <reverse>
                                        <unit>Mbps</unit>
                                        <simple>100</simple>
                                </reverse>
                        </bandwidth>
                        <latency>
                                <unit>ms</unit>
                                <simple>10.0</simple>
                        </latency>
                </vLink>
		<vLink>
                        <id>PL6</id>
                        <source>PN3</source>
                        <destination>PN4</destination>
                        <bandwidth>
                                <forward>
                                        <unit>Mbps</unit>
                                        <simple>100</simple>
                                </forward>
                                <reverse>
                                        <unit>Mbps</unit>
                                        <simple>100</simple>
                                </reverse>
                        </bandwidth>
                        <latency>
                                <unit>ms</unit>
                                <simple>10.0</simple>
                        </latency>
                </vLink>
	</virtualInfrastructure>
</description>

