<?xml version="1.0" encoding="UTF-8"?> <description xmlns="http://www.vxdlforum.org/vxdl"
xmlns:xsi="http://www.w3.org/2001/XMLSchema-instance"
 xsi:schemaLocation="http://www.vxdlforum.org/vxdl VXDL.xsd">
<virtualInfrastructure>
<id>77</id><startDate>2013-01-19T12:00:00</startDate><totalTime>PT4H</totalTime><owner>gkoslovski</owner><user>gkoslovski</user>
 <vNode><id>0</id><cpu><cores><simple>3</simple></cores> <frequency><unit>GHz</unit><simple>2</simple></frequency></cpu> <memory><simple>8</simple><unit>GB</unit></memory> <storage><simple>30</simple><unit>GB</unit></storage><location>7</location></vNode>
 <vNode><id>1</id><cpu><cores><simple>6</simple></cores> <frequency><unit>GHz</unit><simple>1</simple></frequency></cpu> <memory><simple>1</simple><unit>GB</unit></memory> <storage><simple>10</simple><unit>GB</unit></storage><location>4</location></vNode>
 <vNode><id>2</id><cpu><cores><simple>4</simple></cores> <frequency><unit>GHz</unit><simple>2</simple></frequency></cpu> <memory><simple>2</simple><unit>GB</unit></memory> <storage><simple>10</simple><unit>GB</unit></storage><location>9</location></vNode>
 <vNode><id>3</id><cpu><cores><simple>8</simple></cores> <frequency><unit>GHz</unit><simple>2</simple></frequency></cpu> <memory><simple>4</simple><unit>GB</unit></memory> <storage><simple>50</simple><unit>GB</unit></storage><location>9</location></vNode>
 <vLink><id>0-3</id><source>0</source><destination>3</destination><bandwidth><forward><unit>Mbps</unit> <simple>3</simple></forward><reverse><unit>Mbps</unit><simple>3</simple></reverse></bandwidth> <latency><unit>ms</unit><simple>100</simple></latency></vLink>
 <vLink><id>1-2</id><source>1</source><destination>2</destination><bandwidth><forward><unit>Mbps</unit> <simple>5</simple></forward><reverse><unit>Mbps</unit><simple>5</simple></reverse></bandwidth> <latency><unit>ms</unit><simple>50</simple></latency></vLink>
 <vLink><id>2-3</id><source>2</source><destination>3</destination><bandwidth><forward><unit>Mbps</unit> <simple>5</simple></forward><reverse><unit>Mbps</unit><simple>5</simple></reverse></bandwidth> <latency><unit>ms</unit><simple>100</simple></latency></vLink>
</virtualInfrastructure></description>