<?xml version="1.0" encoding="UTF-8"?> <description xmlns="http://www.vxdlforum.org/vxdl"
xmlns:xsi="http://www.w3.org/2001/XMLSchema-instance"
 xsi:schemaLocation="http://www.vxdlforum.org/vxdl VXDL.xsd">
<virtualInfrastructure>
<id>95</id><startDate>2013-01-19T12:00:00</startDate><totalTime>PT4H</totalTime><owner>gkoslovski</owner><user>gkoslovski</user>
 <vNode><id>0</id><cpu><cores><simple>6</simple></cores> <frequency><unit>GHz</unit><simple>3</simple></frequency></cpu> <memory><simple>8</simple><unit>GB</unit></memory> <storage><simple>30</simple><unit>GB</unit></storage><location>3</location></vNode>
 <vNode><id>1</id><cpu><cores><simple>8</simple></cores> <frequency><unit>GHz</unit><simple>1</simple></frequency></cpu> <memory><simple>2</simple><unit>GB</unit></memory> <storage><simple>100</simple><unit>GB</unit></storage><location>9</location></vNode>
 <vNode><id>2</id><cpu><cores><simple>7</simple></cores> <frequency><unit>GHz</unit><simple>1</simple></frequency></cpu> <memory><simple>1</simple><unit>GB</unit></memory> <storage><simple>50</simple><unit>GB</unit></storage><location>10</location></vNode>
 <vNode><id>3</id><cpu><cores><simple>5</simple></cores> <frequency><unit>GHz</unit><simple>3</simple></frequency></cpu> <memory><simple>2</simple><unit>GB</unit></memory> <storage><simple>10</simple><unit>GB</unit></storage><location>5</location></vNode>
</virtualInfrastructure></description>