<?xml version="1.0" encoding="UTF-8"?>
<description xmlns="http://www.vxdlforum.org/vxdl"
	xmlns:xsi="http://www.w3.org/2001/XMLSchema-instance"
	xsi:schemaLocation="http://www.vxdlforum.org/vxdl VXDL.xsd">
	<virtualInfrastructure>
		<id>VR1</id>
		<startDate>2013-01-19T12:00:00</startDate>
		<totalTime>PT4H</totalTime>
		<owner>0C7F0E6F-5599-4DF4-B1FC-AE48E61FDD67</owner>
		<user>gkoslovski</user>
		<vNode>
			<id>VN1</id>
			<location>4</location>
			<memory>
				<unit>GB</unit>
				<simple>1</simple>
			</memory>
			<storage>
				<unit>GB</unit>
				<simple>10</simple>
			</storage>
			<cpu>
				<cores>
					<simple>1</simple>
				</cores>
				<frequency>
					<unit>GHz</unit>
					<simple>1.0</simple>
				</frequency>
			</cpu>
		</vNode>
		<vNode>
			<id>VN2</id>
			<location>4</location>
			<memory>
				<unit>GB</unit>
				<simple>2</simple>
			</memory>
			<cpu>
				<cores>
					<simple>1</simple>
				</cores>
				<frequency>
					<unit>GHz</unit>
					<simple>1.0</simple>
				</frequency>
			</cpu>
			<storage>
				<unit>GB</unit>
				<simple>10</simple>
			</storage>
		</vNode>
	</virtualInfrastructure>
</description>

